{
  "project_info": {
    "project_number": "535297592192",
    "project_id": "pro-reader-c6693",
    "storage_bucket": "pro-reader-c6693.appspot.com"
  },
  "client": [
    {
      "client_info": {
        "mobilesdk_app_id": "1:535297592192:android:35e348bd3e09ac3e280f65",
        "android_client_info": {
          "package_name": "com.magiccode.proreader"
        }
      },
      "oauth_client": [
        {
          "client_id": "535297592192-0b536d3gc87j58sf0pi685h37kt5oilb.apps.googleusercontent.com",
          "client_type": 3
        }
      ],
      "api_key": [
        {
          "current_key": "AIzaSyBYRIYOWl4I10VLKOkKqok_zoR2VHEBfJU"
        }
      ],
      "services": {
        "appinvite_service": {
          "other_platform_oauth_client": [
            {
              "client_id": "535297592192-0b536d3gc87j58sf0pi685h37kt5oilb.apps.googleusercontent.com",
              "client_type": 3
            }
          ]
        }
      }
    }
  ],
  "configuration_version": "1"
}